original_filename,coc_id,year,format,num_pages,text_chars,is_scanned,name_issue,notes
ak_500_2024.pdf,AK-500,2024,pdf,88,344,FALSE,FALSE,
ak_501_2024.pdf,AK-501,2024,pdf,300,1276,FALSE,FALSE,
al_500_2022.pdf,AL-500,2022,pdf,103,3154,FALSE,FALSE,
al_500_2023.pdf,AL-500,2023,pdf,129,3154,FALSE,FALSE,
al_500_2024.pdf,AL-500,2024,pdf,138,3150,FALSE,FALSE,
AL_502_2024.pdf,AL-502,2024,pdf,144,3142,FALSE,FALSE,
AL_504_2024.pdf,AL-504,2024,pdf,68,3147,FALSE,FALSE,
AL_506_2022.pdf,AL-506,2022,pdf,87,3146,FALSE,FALSE,
AL_506_2023.pdf,AL-506,2023,pdf,659,3151,FALSE,FALSE,
AL_506_2024.pdf,AL-506,2024,pdf,100,3142,FALSE,FALSE,
AR_500_2022.pdf,AR-500,2022,pdf,73,3154,FALSE,FALSE,
AR_500_2023.pdf,AR-500,2023,pdf,60,3151,FALSE,FALSE,
AR_500_2024.pdf,AR-500,2024,pdf,45,2820,FALSE,FALSE,
AR_501_2024.pdf,AR-501,2024,pdf,153,3142,FALSE,FALSE,
AR_503_2022.pdf,AR-503,2022,pdf,128,3151,FALSE,FALSE,
AR_503_2023.pdf,AR-503,2023,pdf,66,3151,FALSE,FALSE,
AZ_500_2022.pdf,AZ-500,2022,pdf,88,3151,FALSE,FALSE,
AZ_500_2023.pdf,AZ-500,2023,pdf,46,3151,FALSE,FALSE,
AZ_500_2024.pdf,AZ-500,2024,pdf,94,3147,FALSE,FALSE,
AZ_502_2022.pdf,AZ-502,2022,pdf,112,3146,FALSE,FALSE,
AZ_502_2024.pdf,AZ-502,2024,pdf,66,3142,FALSE,FALSE,
CA_500_2023.pdf,CA-500,2023,pdf,177,3156,FALSE,FALSE,
CA_500_2024.pdf,CA-500,2024,pdf,167,3147,FALSE,FALSE,
CA_501_2022.pdf,CA-501,2022,pdf,207,3184,FALSE,FALSE,
CA_501_2023.pdf,CA-501,2023,pdf,243,3184,FALSE,FALSE,
CA_501_2024.pdf,CA-501,2024,pdf,200,3180,FALSE,FALSE,
CA_502_2022.pdf,CA-502,2022,pdf,87,3146,FALSE,FALSE,
CA_502_2023.pdf,CA-502,2023,pdf,102,3151,FALSE,FALSE,
CA_502_2024.pdf,CA-502,2024,pdf,182,3142,FALSE,FALSE,
CA_503_2022.pdf,CA-503,2022,pdf,194,3145,FALSE,FALSE,
CA_503_2023.pdf,CA-503,2023,pdf,758,3150,FALSE,FALSE,
CA_503_2024.pdf,CA-503,2024,pdf,206,3180,FALSE,FALSE,
CA_504_2022.pdf,CA-504,2022,pdf,153,3129,FALSE,FALSE,
CA_504_2023.pdf,CA-504,2023,pdf,188,3113,FALSE,FALSE,
CA_504_2024.pdf,CA-504,2024,pdf,185,3109,FALSE,FALSE,
CA_505_2023.pdf,CA-505,2023,pdf,263,3146,FALSE,FALSE,
CA_505_2024.docx,CA-505,2024,docx,,320168,FALSE,FALSE,duplicate(docx+pdf)
CA_505_2024.pdf,CA-505,2024,pdf,240,3142,FALSE,FALSE,duplicate(docx+pdf)
CA_506_2022.pdf,CA-506,2022,pdf,105,3151,FALSE,FALSE,
CA_506_2023.pdf,CA-506,2023,pdf,193,3151,FALSE,FALSE,
CA_506_2024.pdf,CA-506,2024,pdf,196,3147,FALSE,FALSE,
CA_507_2024.pdf,CA-507,2024,pdf,204,3142,FALSE,FALSE,
CA_508_2022.pdf,CA-508,2022,pdf,277,3151,FALSE,FALSE,
CA_508_2023.pdf,CA-508,2023,pdf,282,3151,FALSE,FALSE,
CA_508_2024.pdf,CA-508,2024,pdf,261,3147,FALSE,FALSE,
CA_509_2022.pdf,CA-509,2022,pdf,239,3151,FALSE,FALSE,
CA_509_2024.docx,CA-509,2024,docx,,286296,FALSE,FALSE,duplicate(docx+pdf)
CA_509_2024.pdf,CA-509,2024,pdf,323,3155,FALSE,FALSE,duplicate(docx+pdf)
CA_510_2022.pdf,CA-510,2022,pdf,53,1380,FALSE,FALSE,
CA_510_2023.pdf,CA-510,2023,pdf,125,3151,FALSE,FALSE,
CA_510_2024.pdf,CA-510,2024,pdf,60,3147,FALSE,FALSE,
CA_511_2022.pdf,CA-511,2022,pdf,80,3145,FALSE,FALSE,
CA_511_2023.pdf,CA-511,2023,pdf,127,3150,FALSE,FALSE,
CA_511_2024.docx,CA-511,2024,docx,,299839,FALSE,FALSE,duplicate(docx+pdf)
CA_511_2024.pdf,CA-511,2024,pdf,88,3141,FALSE,FALSE,duplicate(docx+pdf)
CA_512_2022.pdf,CA-512,2022,pdf,135,3146,FALSE,FALSE,
CA_512_2023.pdf,CA-512,2023,pdf,523,3146,FALSE,FALSE,
CA_512_2024.pdf,CA-512,2024,pdf,534,3142,FALSE,FALSE,
CA_513_2022.pdf,CA-513,2022,pdf,163,3184,FALSE,FALSE,
CA_513_2023.pdf,CA-513,2023,pdf,109,3151,FALSE,FALSE,
CA_513_2024.docx,CA-513,2024,docx,,292517,FALSE,FALSE,duplicate(docx+pdf)
CA_513_2024.pdf,CA-513,2024,pdf,134,3180,FALSE,FALSE,duplicate(docx+pdf)
CA_515_2023.pdf,CA-515,2023,pdf,103,3151,FALSE,FALSE,
CA_515_2024.pdf,CA-515,2024,pdf,46,3147,FALSE,FALSE,
CA_516_2022.pdf,CA-516,2022,pdf,251,3146,FALSE,FALSE,
CA_516_2023.pdf,CA-516,2023,pdf,59,3151,FALSE,FALSE,
CA_516_2024.pdf,CA-516,2024,pdf,109,3142,FALSE,FALSE,
CA_517_2024.pdf,CA-517,2024,pdf,177,3142,FALSE,FALSE,
CA_519_2022.pdf,CA-519,2022,pdf,93,1272,FALSE,FALSE,
CA_519_2023.pdf,CA-519,2023,pdf,140,1272,FALSE,FALSE,
CA_519_2024.pdf,CA-519,2024,pdf,117,1238,FALSE,FALSE,
CA_520_2022.pdf,CA-520,2022,pdf,765,3146,FALSE,FALSE,
CA_520_2023.pdf,CA-520,2023,pdf,924,3146,FALSE,FALSE,
CA_520_2024.pdf,CA-520,2024,pdf,1004,3142,FALSE,FALSE,
CA_521_2022.pdf,CA-521,2022,pdf,87,3146,FALSE,FALSE,
CA_521_2023.pdf,CA-521,2023,pdf,96,3146,FALSE,FALSE,
CA_521_2024.docx,CA-521,2024,docx,,0,FALSE,FALSE,duplicate(docx+pdf)
CA_521_2024.pdf,CA-521,2024,pdf,95,0,TRUE,FALSE,duplicate(docx+pdf)
CA_522_2024.pdf,CA-522,2024,pdf,72,3142,FALSE,FALSE,
CA_523_2022.pdf,CA-523,2022,pdf,70,3145,FALSE,FALSE,
CA_523_2023.pdf,CA-523,2023,pdf,82,3150,FALSE,FALSE,
CA_523_2024.pdf,CA-523,2024,pdf,154,3141,FALSE,FALSE,
CA_524_2024.pdf,CA-524,2024,pdf,65,3150,FALSE,FALSE,
CA_526_2022.pdf,CA-526,2022,pdf,80,3154,FALSE,FALSE,
CA_526_2023.pdf,CA-526,2023,pdf,124,3151,FALSE,FALSE,
CA_526_2024.pdf,CA-526,2024,pdf,91,3150,FALSE,FALSE,
CA_527_2024.pdf,CA-527,2024,pdf,74,3142,FALSE,FALSE,
CA_529_2024.pdf,CA-529,2024,pdf,354,3142,FALSE,FALSE,
CA_530_2024.pdf,CA-530,2024,pdf,43,3147,FALSE,FALSE,
CA_531_2023.pdf,CA-531,2023,pdf,104,3146,FALSE,FALSE,
CA_531_2024.pdf,CA-531,2024,pdf,58,3142,FALSE,FALSE,
CA_600_2024.pdf,CA-600,2024,pdf,99,3070,FALSE,FALSE,
CA_601_2024.pdf,CA-601,2024,pdf,1134,3142,FALSE,FALSE,
CA_602_2024.pdf,CA-602,2024,pdf,277,3142,FALSE,FALSE,
CA_603_2024.pdf,CA-603,2024,pdf,259,3142,FALSE,FALSE,
CA_604_2024.pdf,CA-604,2024,pdf,151,3142,FALSE,FALSE,
CA_606_2022.pdf,CA-606,2022,pdf,29,3832,FALSE,FALSE,
CA_606_2023.pdf,CA-606,2023,pdf,85,3146,FALSE,FALSE,
CA_607_2023.pdf,CA-607,2023,pdf,186,3151,FALSE,FALSE,
CA_607_2024.pdf,CA-607,2024,pdf,191,3142,FALSE,FALSE,
CA_608_2024.pdf,CA-608,2024,pdf,337,3147,FALSE,FALSE,
CA_609_2023.pdf,CA-609,2023,pdf,178,3151,FALSE,FALSE,
CA_611_2023.pdf,CA-611,2023,pdf,68,3146,FALSE,FALSE,
CA_612_2024.pdf,CA-612,2024,pdf,63,3180,FALSE,FALSE,
CA_613_2024.pdf,CA-613,2024,pdf,229,3147,FALSE,FALSE,
CA_614_2022.pdf,CA-614,2022,pdf,25,3565,FALSE,FALSE,
CA_614_2023.pdf,CA-614,2023,pdf,807,3151,FALSE,FALSE,
CA_614_2024.pdf,CA-614,2024,pdf,696,3142,FALSE,FALSE,
CO_500_2024.pdf,CO-500,2024,pdf,215,3147,FALSE,FALSE,
CO_503_2024.pdf,CO-503,2024,pdf,216,3180,FALSE,FALSE,
CO_504_2022.pdf,CO-504,2022,pdf,177,3146,FALSE,FALSE,
CO_504_2023.pdf,CO-504,2023,pdf,145,3151,FALSE,FALSE,
CO_504_2024.pdf,CO-504,2024,pdf,208,3147,FALSE,FALSE,
CO_505_2024.pdf,CO-505,2024,pdf,239,3150,FALSE,FALSE,
CT_503_2022.pdf,CT-503,2022,pdf,27,3612,FALSE,FALSE,
CT_503_2023.pdf,CT-503,2023,pdf,109,3151,FALSE,FALSE,
CT_503_2024.pdf,CT-503,2024,pdf,90,3180,FALSE,FALSE,
CT_505_2022.pdf,CT-505,2022,pdf,94,3565,FALSE,FALSE,
CT_505_2023.pdf,CT-505,2023,pdf,230,3151,FALSE,FALSE,
CT_505_2024.pdf,CT-505,2024,pdf,211,3147,FALSE,FALSE,
DC_500_2024.pdf,DC-500,2024,pdf,89,3176,FALSE,FALSE,
DE_500_2022.pdf,DE-500,2022,pdf,151,3146,FALSE,FALSE,
DE_500_2023.pdf,DE-500,2023,pdf,285,3151,FALSE,FALSE,
DE_500_2024.pdf,DE-500,2024,pdf,285,3142,FALSE,FALSE,
FL_500_2024.pdf,FL-500,2024,pdf,662,3142,FALSE,FALSE,
FL_501_2022.pdf,FL-501,2022,pdf,204,3146,FALSE,FALSE,
FL_501_2024.pdf,FL-501,2024,pdf,171,3142,FALSE,FALSE,
FL_502_2022.pdf,FL-502,2022,pdf,113,3184,FALSE,FALSE,
FL_502_2024.pdf,FL-502,2024,pdf,193,3180,FALSE,FALSE,
FL_504_2022.pdf,FL-504,2022,pdf,148,3151,FALSE,FALSE,
FL_504_2023.pdf,FL-504,2023,pdf,208,3151,FALSE,FALSE,
FL_504_2024.pdf,FL-504,2024,pdf,153,3147,FALSE,FALSE,
FL_505_2023.pdf,FL-505,2023,pdf,119,3151,FALSE,FALSE,
FL_505_2024.pdf,FL-505,2024,pdf,104,3147,FALSE,FALSE,
FL_506_2022.pdf,FL-506,2022,pdf,36,2943,FALSE,FALSE,
FL_506_2023.pdf,FL-506,2023,pdf,193,0,TRUE,FALSE,
FL_507_2022.pdf,FL-507,2022,pdf,172,3151,FALSE,FALSE,
FL_507_2024.pdf,FL-507,2024,pdf,173,3147,FALSE,FALSE,
FL_508_2024.pdf,FL-508,2024,pdf,187,3147,FALSE,FALSE,
FL_509_2024.pdf,FL-509,2024,pdf,159,3180,FALSE,FALSE,
FL_510_2024.pdf,FL-510,2024,pdf,128,3147,FALSE,FALSE,
FL_511_2023.pdf,FL-511,2023,pdf,161,3168,FALSE,FALSE,
FL_511_2024.pdf,FL-511,2024,pdf,163,3112,FALSE,FALSE,
FL_512_2022.pdf,FL-512,2022,pdf,110,3151,FALSE,FALSE,
FL_512_2023.pdf,FL-512,2023,pdf,150,3151,FALSE,FALSE,
FL_512_2024.pdf,FL-512,2024,pdf,174,3142,FALSE,FALSE,
FL_513_2023.pdf,FL-513,2023,pdf,88,3151,FALSE,FALSE,
FL_513_2024.pdf,FL-513,2024,pdf,232,3142,FALSE,FALSE,
FL_514_2024.pdf,FL-514,2024,pdf,167,3147,FALSE,FALSE,
FL_517_2023.pdf,FL-517,2023,pdf,144,3146,FALSE,FALSE,
FL_517_2024.pdf,FL-517,2024,pdf,219,3142,FALSE,FALSE,
FL_518_2022.pdf,FL-518,2022,pdf,25,3565,FALSE,FALSE,
FL_518_2023.pdf,FL-518,2023,pdf,129,3146,FALSE,FALSE,
FL_518_2024.pdf,FL-518,2024,pdf,222,3142,FALSE,FALSE,
FL_519_2023.pdf,FL-519,2023,pdf,149,3151,FALSE,FALSE,
FL_520_2023.pdf,FL-520,2023,pdf,167,3151,FALSE,FALSE,
FL_520_2024.pdf,FL-520,2024,pdf,105,3142,FALSE,FALSE,
FL_600_2022.pdf,FL-600,2022,pdf,166,3151,FALSE,FALSE,
FL-_601_2022.pdf,FL-601,2022,pdf,200,3151,FALSE,TRUE,
FL_601_2023.pdf,FL-601,2023,pdf,137,3151,FALSE,FALSE,
FL_602_2023.pdf,FL-602,2023,pdf,244,3151,FALSE,FALSE,
FL_602_2024.pdf,FL-602,2024,pdf,184,3147,FALSE,FALSE,
FL_603_2024.pdf,FL-603,2024,pdf,153,3142,FALSE,FALSE,
FL_604_2022.pdf,FL-604,2022,pdf,82,3116,FALSE,FALSE,
FL_604_2023.pdf,FL-604,2023,pdf,45,3116,FALSE,FALSE,
FL_604_2024.pdf,FL-604,2024,pdf,165,3112,FALSE,FALSE,
FL_606_2022.pdf,FL-606,2022,pdf,71,3146,FALSE,FALSE,
FL_606_2023.pdf,FL-606,2023,pdf,62,3151,FALSE,FALSE,
FL_606_2024.pdf,FL-606,2024,pdf,62,3147,FALSE,FALSE,
GA_500_2022.pdf,GA-500,2022,pdf,121,3184,FALSE,FALSE,
GA_500_2023.pdf,GA-500,2023,pdf,265,3184,FALSE,FALSE,
GA_500_2024.pdf,GA-500,2024,pdf,228,3180,FALSE,FALSE,
GA_501_2022.pdf,GA-501,2022,pdf,127,3565,FALSE,FALSE,
GA_501_2023.pdf,GA-501,2023,pdf,210,3146,FALSE,FALSE,
GA_501_2024.pdf,GA-501,2024,pdf,226,3142,FALSE,FALSE,
GA_502_2023.pdf,GA-502,2023,pdf,138,3146,FALSE,FALSE,
GA_502_2024.pdf,GA-502,2024,pdf,54,3142,FALSE,FALSE,
GA_503_2024.pdf,GA-503,2024,pdf,64,3141,FALSE,FALSE,
GA_504_2022.pdf,GA-504,2022,pdf,86,3146,FALSE,FALSE,
GA_504_2023.pdf,GA-504,2023,pdf,73,3151,FALSE,FALSE,
GA_504_2024.pdf,GA-504,2024,pdf,59,3147,FALSE,FALSE,
GA_505_2022.pdf,GA-505,2022,pdf,27,0,TRUE,FALSE,
GA_505_2023.pdf,GA-505,2023,pdf,69,0,TRUE,FALSE,
GA_505_2024.pdf,GA-505,2024,pdf,69,3142,FALSE,FALSE,
GA_506_2024.pdf,GA-506,2024,pdf,126,3142,FALSE,FALSE,
GA_507_2022.pdf,GA-507,2022,pdf,47,3565,FALSE,FALSE,
GA_507_2023.pdf,GA-507,2023,pdf,116,3151,FALSE,FALSE,
GA_507_2024.pdf,GA-507,2024,pdf,99,3142,FALSE,FALSE,
GA_508_2022.pdf,GA-508,2022,pdf,70,3146,FALSE,FALSE,
GA_508_2023.pdf,GA-508,2023,pdf,172,3151,FALSE,FALSE,
GA_508_2024.pdf,GA-508,2024,pdf,88,0,TRUE,FALSE,
GU_500_2022.pdf,GU-500,2022,pdf,81,3113,FALSE,FALSE,
GU_500_2023.pdf,GU-500,2023,pdf,108,3113,FALSE,FALSE,
GU_500_2024.pdf,GU-500,2024,pdf,108,3142,FALSE,FALSE,
HI_501_2022.pdf,HI-501,2022,pdf,144,3157,FALSE,FALSE,
HI_501_2023.pdf,HI-501,2023,pdf,181,3157,FALSE,FALSE,
HI_501_2024.pdf,HI-501,2024,pdf,139,3153,FALSE,FALSE,
IA_500_2024.pdf,IA-500,2024,pdf,178,3143,FALSE,FALSE,
IA_501_2022.pdf,IA-501,2022,pdf,247,3151,FALSE,FALSE,
IA_502_2024.pdf,IA-502,2024,pdf,142,3148,FALSE,FALSE,
ID_500_2022.pdf,ID-500,2022,pdf,171,3566,FALSE,FALSE,
ID_500_2023.pdf,ID-500,2023,pdf,278,3152,FALSE,FALSE,
ID_500_2024.pdf,ID-500,2024,pdf,166,3148,FALSE,FALSE,
IL_501_2024.pdf,IL-501,2024,pdf,73,3148,FALSE,FALSE,
IL_503_2024.pdf,IL-503,2024,pdf,91,3110,FALSE,FALSE,
IL_506_2023.pdf,IL-506,2023,pdf,263,3152,FALSE,FALSE,
IL_506_2024.pdf,IL-506,2024,pdf,194,3148,FALSE,FALSE,
IL_507_2024.pdf,IL-507,2024,pdf,197,3148,FALSE,FALSE,
IL_508_2022.pdf,IL-508,2022,pdf,56,3185,FALSE,FALSE,
IL_508_2024.pdf,IL-508,2024,pdf,117,3181,FALSE,FALSE,
IL_510_2022.pdf,IL-510,2022,pdf,307,3566,FALSE,FALSE,
IL_510_2023.pdf,IL-510,2023,pdf,701,3117,FALSE,FALSE,
IL_510_2024.pdf,IL-510,2024,pdf,681,3148,FALSE,FALSE,
IL_511_2022.pdf,IL-511,2022,pdf,180,3147,FALSE,FALSE,
IL_511_2023.pdf,IL-511,2023,pdf,217,3152,FALSE,FALSE,
IL_511_2024.pdf,IL-511,2024,pdf,219,3143,FALSE,FALSE,
IL_512_2024.pdf,IL-512,2024,pdf,95,3181,FALSE,FALSE,
IL_513_2024.pdf,IL-513,2024,pdf,220,3143,FALSE,FALSE,
IL_514_2024.pdf,IL-514,2024,pdf,166,3148,FALSE,FALSE,
IL_515_2024.pdf,IL-515,2024,pdf,186,3148,FALSE,FALSE,
IL_516_2024.pdf,IL-516,2024,pdf,145,3148,FALSE,FALSE,
IL_517_2024.pdf,IL-517,2024,pdf,169,3143,FALSE,FALSE,
IL_519_2022.pdf,IL-519,2022,pdf,99,3152,FALSE,FALSE,
IL_519_2023.pdf,IL-519,2023,pdf,154,3152,FALSE,FALSE,
IL_519_2024.pdf,IL-519,2024,pdf,109,3148,FALSE,FALSE,
IN_502_2022.pdf,IN-502,2022,pdf,85,0,TRUE,FALSE,
IN_502_2023.pdf,IN-502,2023,pdf,167,3147,FALSE,FALSE,
IN_502_2024.pdf,IN-502,2024,pdf,182,3143,FALSE,FALSE,
KS_503_2022.pdf,KS-503,2022,pdf,82,3146,FALSE,FALSE,
KS_503_2023.pdf,KS-503,2023,pdf,105,3151,FALSE,FALSE,
KS_503_2024.pdf,KS-503,2024,pdf,85,3142,FALSE,FALSE,
KS_507_2022.pdf,KS-507,2022,pdf,90,3146,FALSE,FALSE,
KS_507_2023.pdf,KS-507,2023,pdf,167,3151,FALSE,FALSE,
KY_500_2022.pdf,KY-500,2022,pdf,141,3145,FALSE,FALSE,
KY_500_2023.pdf,KY-500,2023,pdf,209,3145,FALSE,FALSE,
KY_500_2024.pdf,KY-500,2024,pdf,254,3141,FALSE,FALSE,
KY_501_2024.pdf,KY-501,2024,pdf,195,3180,FALSE,FALSE,
KY_502_2024.pdf,KY-502,2024,pdf,162,3142,FALSE,FALSE,
LA_502_2022.pdf,LA-502,2022,pdf,79,3146,FALSE,FALSE,
LA_502_2023.pdf,LA-502,2023,pdf,95,3146,FALSE,FALSE,
LA_502_2024.pdf,LA-502,2024,pdf,118,3142,FALSE,FALSE,
LA_503_2022.pdf,LA-503,2022,pdf,188,3146,FALSE,FALSE,
LA_503_2023.pdf,LA-503,2023,pdf,209,3151,FALSE,FALSE,
LA_503_2024.pdf,LA-503,2024,pdf,374,3142,FALSE,FALSE,
LA_506_2022.pdf,LA-506,2022,pdf,124,3184,FALSE,FALSE,
LA-506_2023.pdf,LA-506,2023,pdf,67,3184,FALSE,TRUE,duplicate(pdf)
LA_506_2023.pdf,LA-506,2023,pdf,67,3184,FALSE,FALSE,duplicate(pdf)
LA_506_2024.pdf,LA-506,2024,pdf,108,3180,FALSE,FALSE,
LA_507_2024.pdf,LA-507,2024,pdf,60,3147,FALSE,FALSE,
LA_509_2023.pdf,LA-509,2023,pdf,211,3151,FALSE,FALSE,
LA_509_2024.pdf,LA-509,2024,pdf,192,3147,FALSE,FALSE,
MA_500_2022.pdf,MA-500,2022,pdf,152,3146,FALSE,FALSE,
MA_500_2023.pdf,MA-500,2023,pdf,230,3151,FALSE,FALSE,
MA_500_2024.pdf,MA-500,2024,pdf,168,3142,FALSE,FALSE,
MA_502_2024.pdf,MA-502,2024,pdf,88,3142,FALSE,FALSE,
MA_503_2023.pdf,MA-503,2023,pdf,152,3151,FALSE,FALSE,
MA_503_2024.pdf,MA-503,2024,pdf,127,3142,FALSE,FALSE,
MA_504_2022.pdf,MA-504,2022,pdf,61,3565,FALSE,FALSE,
MA_504_2024.pdf,MA-504,2024,pdf,122,3142,FALSE,FALSE,
MA_505_2022.pdf,MA-505,2022,pdf,118,525,FALSE,FALSE,
MA_505_2023.pdf,MA-505,2023,pdf,166,631,FALSE,FALSE,
MA_505_2024.pdf,MA-505,2024,pdf,220,552,FALSE,FALSE,
MA_506_2024.pdf,MA-506,2024,pdf,148,3147,FALSE,FALSE,
MA_507_2022.pdf,MA-507,2022,pdf,149,3151,FALSE,FALSE,
MA_507_2024.pdf,MA-507,2024,pdf,216,3147,FALSE,FALSE,
MA_509_2022.pdf,MA-509,2022,pdf,115,3146,FALSE,FALSE,
MA_509_2023.pdf,MA-509,2023,pdf,142,3146,FALSE,FALSE,
MA_509_2024.pdf,MA-509,2024,pdf,96,3142,FALSE,FALSE,
MA_511_2024.pdf,MA-511,2024,pdf,192,1313,FALSE,FALSE,
MA_515_2022.pdf,MA-515,2022,pdf,599,3146,FALSE,FALSE,
MA_515_2023.pdf,MA-515,2023,pdf,157,3146,FALSE,FALSE,
MA_515_2024.pdf,MA-515,2024,pdf,114,3142,FALSE,FALSE,
MA_516_2024.pdf,MA-516,2024,pdf,80,1268,FALSE,FALSE,
MA_519_2022.pdf,MA-519,2022,pdf,101,3151,FALSE,FALSE,
MA_519_2023.pdf,MA-519,2023,pdf,124,3151,FALSE,FALSE,
MD_501_2022.pdf,MD-501,2022,pdf,203,3184,FALSE,FALSE,
MD_501_2023.pdf,MD-501,2023,pdf,245,3189,FALSE,FALSE,
MD_501_2024.pdf,MD-501,2024,pdf,266,3185,FALSE,FALSE,
MD_503_2024.pdf,MD-503,2024,pdf,82,3148,FALSE,FALSE,
MD_505_2022.pdf,MD-505,2022,pdf,93,3146,FALSE,FALSE,
MD_505_2023.pdf,MD-505,2023,pdf,115,3146,FALSE,FALSE,
MD_505_2024.pdf,MD-505,2024,pdf,68,3142,FALSE,FALSE,
MD_506_2023.pdf,MD-506,2023,pdf,142,3146,FALSE,FALSE,
MD_506_2024.pdf,MD-506,2024,pdf,150,3142,FALSE,FALSE,
MD_509_2022.pdf,MD-509,2022,pdf,69,3154,FALSE,FALSE,
MD_511_2024.pdf,MD-511,2024,pdf,137,3142,FALSE,FALSE,
MD_513_2022.pdf,MD-513,2022,pdf,51,3146,FALSE,FALSE,
MD_513_2023.pdf,MD-513,2023,pdf,59,3146,FALSE,FALSE,
MD_513_2024.pdf,MD-513,2024,pdf,53,3142,FALSE,FALSE,
MD_600_2022.pdf,MD-600,2022,pdf,82,3146,FALSE,FALSE,
MD_600_2024.pdf,MD-600,2024,pdf,81,0,TRUE,FALSE,
MD_601_2022.pdf,MD-601,2022,pdf,65,3146,FALSE,FALSE,
MD_601_2023.pdf,MD-601,2023,pdf,192,3146,FALSE,FALSE,
MD_601_2024.pdf,MD-601,2024,pdf,166,3142,FALSE,FALSE,
ME_500_2022.pdf,ME-500,2022,pdf,125,3146,FALSE,FALSE,
ME_500_2023.pdf,ME-500,2023,pdf,180,3146,FALSE,FALSE,
MI_500_2022.pdf,MI-500,2022,pdf,157,3151,FALSE,FALSE,
MI_500_2024.pdf,MI-500,2024,pdf,64,3147,FALSE,FALSE,
MI_501_2024.docx,MI-501,2024,docx,,300715,FALSE,FALSE,duplicate(docx+pdf)
MI_501_2024.pdf,MI-501,2024,pdf,464,3155,FALSE,FALSE,duplicate(docx+pdf)
MI_502_2022.pdf,MI-502,2022,pdf,278,3116,FALSE,FALSE,
MI_502_2023.pdf,MI-502,2023,pdf,309,0,TRUE,FALSE,
MI_502_2024.pdf,MI-502,2024,pdf,74,3112,FALSE,FALSE,
MI_503_2022.pdf,MI-503,2022,pdf,55,3146,FALSE,FALSE,
MI_503_2023.pdf,MI-503,2023,pdf,110,3146,FALSE,FALSE,
MI_503_2024.pdf,MI-503,2024,pdf,148,3142,FALSE,FALSE,
MI_504_2022.pdf,MI-504,2022,pdf,140,1414,FALSE,FALSE,
MI_504_2023.pdf,MI-504,2023,pdf,167,3146,FALSE,FALSE,
MI_504_2024.pdf,MI-504,2024,pdf,198,3142,FALSE,FALSE,
MI_505_2024.pdf,MI-505,2024,pdf,154,3147,FALSE,FALSE,
MI_506_2022.pdf,MI-506,2022,pdf,151,3114,FALSE,FALSE,
MI_506_2023.pdf,MI-506,2023,pdf,160,3114,FALSE,FALSE,
MI_506_2024.pdf,MI-506,2024,pdf,194,3110,FALSE,FALSE,
MI_507_2022.pdf,MI-507,2022,pdf,89,3146,FALSE,FALSE,
MI_508_2023.pdf,MI-508,2023,pdf,83,3063,FALSE,FALSE,
MI_508_2024.pdf,MI-508,2024,pdf,112,0,TRUE,FALSE,
MI_510_2022.pdf,MI-510,2022,pdf,91,3151,FALSE,FALSE,
MI_510_2023.pdf,MI-510,2023,pdf,139,3151,FALSE,FALSE,
MI_510_2024.pdf,MI-510,2024,pdf,204,3147,FALSE,FALSE,
MI_512_2023.pdf,MI-512,2023,pdf,140,2694,FALSE,FALSE,
MI_512_2024.pdf,MI-512,2024,pdf,67,3147,FALSE,FALSE,
MI_514_2024.pdf,MI-514,2024,pdf,65,3142,FALSE,FALSE,
MI_516_2022.pdf,MI-516,2022,pdf,104,3146,FALSE,FALSE,
MI_516_2023.pdf,MI-516,2023,pdf,66,3151,FALSE,FALSE,
MI_516_2024.pdf,MI-516,2024,pdf,159,3147,FALSE,FALSE,
MI_519_2024.pdf,MI-519,2024,pdf,62,3147,FALSE,FALSE,
MI_523_2024.pdf,MI-523,2024,pdf,105,1250,FALSE,FALSE,
MN_500_2022.pdf,MN-500,2022,pdf,86,3146,FALSE,FALSE,
MN_500_2023.pdf,MN-500,2023,pdf,93,3146,FALSE,FALSE,
MN_501_2022.pdf,MN-501,2022,pdf,345,3146,FALSE,FALSE,
MN_501_2024.pdf,MN-501,2024,pdf,363,3142,FALSE,FALSE,
MN_503_2024.pdf,MN-503,2024,pdf,83,3142,FALSE,FALSE,
MN_504_2024.pdf,MN-504,2024,pdf,155,3143,FALSE,FALSE,
MN_506_2023.pdf,MN-506,2023,pdf,105,3146,FALSE,FALSE,
MN_506_2024.pdf,MN-506,2024,pdf,112,3147,FALSE,FALSE,
MN_509_2024.pdf,MN-509,2024,pdf,70,3142,FALSE,FALSE,
MO_501_2023.pdf,MO-501,2023,pdf,208,3153,FALSE,FALSE,
MO_503_2023.pdf,MO-503,2023,pdf,170,3154,FALSE,FALSE,
MO_503_2024.pdf,MO-503,2024,pdf,131,3147,FALSE,FALSE,
MO_600_2023.pdf,MO-600,2023,pdf,83,3154,FALSE,FALSE,
MO_600_2024.pdf,MO-600,2024,pdf,115,3150,FALSE,FALSE,
MO_602_2022.pdf,MO-602,2022,pdf,130,3151,FALSE,FALSE,
MO_602_2023.pdf,MO-602,2023,pdf,167,3151,FALSE,FALSE,
MO_602_2024.pdf,MO-602,2024,pdf,169,3142,FALSE,FALSE,
MO_603_2024.pdf,MO-603,2024,pdf,206,3142,FALSE,FALSE,
MO_606_2022.pdf,MO-606,2022,pdf,63,3146,FALSE,FALSE,
MO_606_2023.pdf,MO-606,2023,pdf,137,3146,FALSE,FALSE,
MO_606_2024.pdf,MO-606,2024,pdf,356,3142,FALSE,FALSE,
MS_501_2022.pdf,MS-501,2022,pdf,145,3151,FALSE,FALSE,
MS_501_2023.pdf,MS-501,2023,pdf,224,3151,FALSE,FALSE,
MS_501_2024.pdf,MS-501,2024,pdf,196,3147,FALSE,FALSE,
MS_503_2022.pdf,MS-503,2022,pdf,80,4143,FALSE,FALSE,
MS_503_2023.pdf,MS-503,2023,pdf,139,3145,FALSE,FALSE,
MS_503_2024.pdf,MS-503,2024,pdf,189,3141,FALSE,FALSE,
MT_500_2022.pdf,MT-500,2022,pdf,95,3146,FALSE,FALSE,
MT_500_2023.pdf,MT-500,2023,pdf,167,3146,FALSE,FALSE,
MT_500_2024.pdf,MT-500,2024,pdf,131,3142,FALSE,FALSE,
NC_500_2022.pdf,NC-500,2022,pdf,167,3146,FALSE,FALSE,
NC_500_2023.pdf,NC-500,2023,pdf,183,3146,FALSE,FALSE,
NC_500_2024.pdf,NC-500,2024,pdf,181,3142,FALSE,FALSE,
NC_501_2024.pdf,NC-501,2024,pdf,84,3142,FALSE,FALSE,
NC_502_2022.pdf,NC-502,2022,pdf,169,3146,FALSE,FALSE,
NC_502_2023.pdf,NC-502,2023,pdf,220,1289,FALSE,FALSE,
NC_502_2024.pdf,NC-502,2024,pdf,194,3142,FALSE,FALSE,
NC_505_2022.pdf,NC-505,2022,pdf,95,3146,FALSE,FALSE,
NC_505_2024.pdf,NC-505,2024,pdf,86,3142,FALSE,FALSE,
NC_506_2024.pdf,NC-506,2024,pdf,224,3142,FALSE,FALSE,
NC_507_2023.pdf,NC-507,2023,pdf,143,3146,FALSE,FALSE,
NC_507_2024.pdf,NC-507,2024,pdf,244,3147,FALSE,FALSE,
NC_509_2022.pdf,NC-509,2022,pdf,46,0,TRUE,FALSE,
NC_511_2024.pdf,NC-511,2024,pdf,141,3147,FALSE,FALSE,
NC_513_2022.pdf,NC-513,2022,pdf,308,2991,FALSE,FALSE,
NC_513_2024.pdf,NC-513,2024,pdf,158,3142,FALSE,FALSE,
NC_516_2024.pdf,NC-516,2024,pdf,183,3142,FALSE,FALSE,
ND_500_2022.pdf,ND-500,2022,pdf,159,3146,FALSE,FALSE,
ND_500_2023.pdf,ND-500,2023,pdf,179,3146,FALSE,FALSE,
ND_500_2024.pdf,ND-500,2024,pdf,214,3142,FALSE,FALSE,
NE_500_2024.pdf,NE-500,2024,pdf,247,3112,FALSE,FALSE,
NE_501_2024.pdf,NE-501,2024,pdf,227,3142,FALSE,FALSE,
NE_502_2022.pdf,NE-502,2022,pdf,19,2864,FALSE,FALSE,
NE_502_2023.pdf,NE-502,2023,pdf,165,3146,FALSE,FALSE,
NE_502_2024.pdf,NE-502,2024,pdf,175,3142,FALSE,FALSE,
NH_500_2022.pdf,NH-500,2022,pdf,133,3146,FALSE,FALSE,
NH_500_2024.pdf,NH-500,2024,pdf,176,3142,FALSE,FALSE,
NH_501_2024.pdf,NH-501,2024,pdf,185,3142,FALSE,FALSE,
NH_502_2022.pdf,NH-502,2022,pdf,110,3146,FALSE,FALSE,
NH_502_2023.pdf,NH-502,2023,pdf,152,3146,FALSE,FALSE,
NH_502_2024.pdf,NH-502,2024,pdf,136,3142,FALSE,FALSE,
NJ_500_2024.pdf,NJ-500,2024,pdf,187,3147,FALSE,FALSE,
NJ_501_2022.pdf,NJ-501,2022,pdf,240,3151,FALSE,FALSE,
NJ_501_2023.pdf,NJ-501,2023,pdf,221,3151,FALSE,FALSE,
NJ_501_2024.pdf,NJ-501,2024,pdf,69,3147,FALSE,FALSE,
NJ_502_2023.pdf,NJ-502,2023,pdf,174,3151,FALSE,FALSE,
NJ_502_2024.pdf,NJ-502,2024,pdf,159,3147,FALSE,FALSE,
NJ_503_2024.pdf,NJ-503,2024,pdf,170,3153,FALSE,FALSE,
NJ_504_2024.pdf,NJ-504,2024,pdf,237,3147,FALSE,FALSE,
NJ_506_2023.pdf,NJ-506,2023,pdf,218,3153,FALSE,FALSE,
NJ_506_2024.pdf,NJ-506,2024,pdf,181,3147,FALSE,FALSE,
NJ_507_2024.pdf,NJ-507,2024,pdf,212,3147,FALSE,FALSE,
NJ_509_2023.pdf,NJ-509,2023,pdf,207,3153,FALSE,FALSE,
NJ_509_2024.pdf,NJ-509,2024,pdf,190,3147,FALSE,FALSE,
NJ_510_2024.pdf,NJ-510,2024,pdf,157,2652,FALSE,FALSE,
NJ_511_2024.pdf,NJ-511,2024,pdf,170,0,TRUE,FALSE,
NJ_512_2023.pdf,NJ-512,2023,pdf,78,3145,FALSE,FALSE,
NJ_513_2022.pdf,NJ-513,2022,pdf,157,3151,FALSE,FALSE,
NJ_513_2023.pdf,NJ-513,2023,pdf,147,3153,FALSE,FALSE,
NJ_513_2024.pdf,NJ-513,2024,pdf,118,3147,FALSE,FALSE,
NJ_514_2022.pdf,NJ-514,2022,pdf,123,3151,FALSE,FALSE,
NJ_514_2023.pdf,NJ-514,2023,pdf,183,3151,FALSE,FALSE,
NJ_514_2024.pdf,NJ-514,2024,pdf,164,3147,FALSE,FALSE,
NJ_516_2024.pdf,NJ-516,2024,pdf,124,3147,FALSE,FALSE,
NM_500_2022.pdf,NM-500,2022,pdf,125,3565,FALSE,FALSE,
NM_500_2023.pdf,NM-500,2023,pdf,135,3151,FALSE,FALSE,
NM_500_2024.pdf,NM-500,2024,pdf,95,3147,FALSE,FALSE,
NV_500_2022.pdf,NV-500,2022,pdf,83,3146,FALSE,FALSE,
NV_500_2023.pdf,NV-500,2023,pdf,430,3146,FALSE,FALSE,
NV_500_2024.docx,NV-500,2024,docx,,324523,FALSE,FALSE,duplicate(docx+pdf)
NV_500_2024.pdf,NV-500,2024,pdf,422,3142,FALSE,FALSE,duplicate(docx+pdf)
NV_501_2024.pdf,NV-501,2024,pdf,63,3109,FALSE,FALSE,
NV_502_2024.pdf,NV-502,2024,pdf,142,0,TRUE,FALSE,
NY_501_2024.pdf,NY-501,2024,pdf,85,3147,FALSE,FALSE,
NY_503_2022.pdf,NY-503,2022,pdf,71,3151,FALSE,FALSE,
NY_503_2023.pdf,NY-503,2023,pdf,74,3151,FALSE,FALSE,
NY_503_2024.pdf,NY-503,2024,pdf,65,3147,FALSE,FALSE,
NY_505_2024.pdf,NY-505,2024,pdf,177,3109,FALSE,FALSE,
NY_507_2022.pdf,NY-507,2022,pdf,79,3151,FALSE,FALSE,
NY_507_2023.pdf,NY-507,2023,pdf,84,3146,FALSE,FALSE,
NY_507_2024.pdf,NY-507,2024,pdf,75,3147,FALSE,FALSE,
NY_510_2022.pdf,NY-510,2022,pdf,175,3146,FALSE,FALSE,
NY_510_2023.pdf,NY-510,2023,pdf,264,3146,FALSE,FALSE,
NY_510_2024.pdf,NY-510,2024,pdf,199,2933,FALSE,FALSE,
NY_511_2022.pdf,NY-511,2022,pdf,75,3125,FALSE,FALSE,
NY_511_2023.pdf,NY-511,2023,pdf,84,3125,FALSE,FALSE,
NY_511_2024.pdf,NY-511,2024,pdf,77,3121,FALSE,FALSE,
NY_512_2022.pdf,NY-512,2022,pdf,69,3151,FALSE,FALSE,
NY_512_2023.pdf,NY-512,2023,pdf,73,3146,FALSE,FALSE,
NY_512_2024.pdf,NY-512,2024,pdf,63,3147,FALSE,FALSE,
NY_513_2023.pdf,NY-513,2023,pdf,136,3146,FALSE,FALSE,
NY_513_2024.pdf,NY-513,2024,pdf,60,3142,FALSE,FALSE,
NY_514_2024.pdf,NY-514,2024,pdf,103,1321,FALSE,FALSE,
NY_518_2022.pdf,NY-518,2022,pdf,78,3146,FALSE,FALSE,
NY_518_2023.pdf,NY-518,2023,pdf,102,3146,FALSE,FALSE,
NY_518_2024.pdf,NY-518,2024,pdf,60,3142,FALSE,FALSE,
NY_519_2022.pdf,NY-519,2022,pdf,65,3151,FALSE,FALSE,
NY_519_2023.pdf,NY-519,2023,pdf,73,3146,FALSE,FALSE,
NY_519_2024.pdf,NY-519,2024,pdf,73,3147,FALSE,FALSE,
NY_520_2022.pdf,NY-520,2022,pdf,81,3151,FALSE,FALSE,
NY_520_2023.pdf,NY-520,2023,pdf,85,3151,FALSE,FALSE,
NY_520_2024.pdf,NY-520,2024,pdf,74,3147,FALSE,FALSE,
NY_522_2022.pdf,NY-522,2022,pdf,75,3151,FALSE,FALSE,
NY_522_2023.pdf,NY-522,2023,pdf,84,3151,FALSE,FALSE,
NY_522_2024.pdf,NY-522,2024,pdf,64,3147,FALSE,FALSE,
NY_523_2022.pdf,NY-523,2022,pdf,77,3151,FALSE,FALSE,
NY_523_2023.pdf,NY-523,2023,pdf,84,3151,FALSE,FALSE,
NY_523_2024.pdf,NY-523,2024,pdf,57,3147,FALSE,FALSE,
NY_525_2022.pdf,NY-525,2022,pdf,36,3565,FALSE,FALSE,
NY_525_2023.pdf,NY-525,2023,pdf,178,3146,FALSE,FALSE,
NY_525_2024.pdf,NY-525,2024,pdf,101,3142,FALSE,FALSE,
NY_600_2022.pdf,NY-600,2022,pdf,263,3151,FALSE,FALSE,
NY_600_2023.pdf,NY-600,2023,pdf,245,3151,FALSE,FALSE,
NY_600_2024.pdf,NY-600,2024,pdf,356,3147,FALSE,FALSE,
NY_601_2022.pdf,NY-601,2022,pdf,70,3116,FALSE,FALSE,
NY_601_2023.pdf,NY-601,2023,pdf,74,3116,FALSE,FALSE,
NY_601_2024.pdf,NY-601,2024,pdf,64,3147,FALSE,FALSE,
NY_603_2022.pdf,NY-603,2022,pdf,185,3154,FALSE,FALSE,
NY_603_2023.pdf,NY-603,2023,pdf,66,3154,FALSE,FALSE,
NY_603_2024.pdf,NY-603,2024,pdf,108,3150,FALSE,FALSE,
NY_604_2022.pdf,NY-604,2022,pdf,134,3146,FALSE,FALSE,
NY_604_2023.pdf,NY-604,2023,pdf,525,3146,FALSE,FALSE,
NY_604_2024.pdf,NY-604,2024,pdf,472,3142,FALSE,FALSE,
NY_606_2022.pdf,NY-606,2022,pdf,77,3152,FALSE,FALSE,
NY_606_2023.pdf,NY-606,2023,pdf,85,3152,FALSE,FALSE,
NY_606_2024.pdf,NY-606,2024,pdf,64,3148,FALSE,FALSE,
NY_608_2023.pdf,NY-608,2023,pdf,84,3146,FALSE,FALSE,
NY_608_2024.pdf,NY-608,2024,pdf,56,3147,FALSE,FALSE,
OH_500_2022.pdf,OH-500,2022,pdf,247,3151,FALSE,FALSE,
OH_500_2023.pdf,OH-500,2023,pdf,75,3151,FALSE,FALSE,
OH_500_2024.pdf,OH-500,2024,pdf,73,3147,FALSE,FALSE,
OH_501_2024.pdf,OH-501,2024,pdf,215,3142,FALSE,FALSE,
OH_502_2022.pdf,OH-502,2022,pdf,154,3146,FALSE,FALSE,
OH_502_2023.pdf,OH-502,2023,pdf,147,3146,FALSE,FALSE,
OH_502_2024.pdf,OH-502,2024,pdf,139,3142,FALSE,FALSE,
OH_503_2022.pdf,OH-503,2022,pdf,153,0,TRUE,FALSE,
OH_503_2023.pdf,OH-503,2023,pdf,147,3146,FALSE,FALSE,
OH_503_2024.pdf,OH-503,2024,pdf,171,3142,FALSE,FALSE,
OH_504_2022.pdf,OH-504,2022,pdf,59,3113,FALSE,FALSE,
OH_504_2023.pdf,OH-504,2023,pdf,56,3113,FALSE,FALSE,
OH_504_2024.pdf,OH-504,2024,pdf,85,3109,FALSE,FALSE,
OH_505_2022.pdf,OH-505,2022,pdf,121,1525,FALSE,FALSE,
OH_505_2023.pdf,OH-505,2023,pdf,81,1525,FALSE,FALSE,
OH_505_2024.pdf,OH-505,2024,pdf,156,1558,FALSE,FALSE,
OH_506_2024.pdf,OH-506,2024,pdf,208,3147,FALSE,FALSE,
OH_507_2022.pdf,OH-507,2022,pdf,87,1270,FALSE,FALSE,
OH_507_2023.pdf,OH-507,2023,pdf,75,1309,FALSE,FALSE,
OH_507_2024.pdf,OH-507,2024,pdf,70,1276,FALSE,FALSE,
OH_508_2023.pdf,OH-508,2023,pdf,220,3151,FALSE,FALSE,
OH_508_2024.pdf,OH-508,2024,pdf,218,3147,FALSE,FALSE,
OK_500_2024.pdf,OK-500,2024,pdf,588,3142,FALSE,FALSE,
OK_501_2022.pdf,OK-501,2022,pdf,201,3146,FALSE,FALSE,
OK_501_2023.pdf,OK-501,2023,pdf,222,3146,FALSE,FALSE,
OK_501_2024.pdf,OK-501,2024,pdf,197,3142,FALSE,FALSE,
OK_502_2022.pdf,OK-502,2022,pdf,155,3151,FALSE,FALSE,
OK_502_2023.pdf,OK-502,2023,pdf,352,3146,FALSE,FALSE,
OK_502_2024.pdf,OK-502,2024,pdf,208,3142,FALSE,FALSE,
OK_503_2024.pdf,OK-503,2024,pdf,68,3142,FALSE,FALSE,
OK_504_2023.pdf,OK-504,2023,pdf,429,3146,FALSE,FALSE,
OK_504_2024.pdf,OK-504,2024,pdf,551,3147,FALSE,FALSE,
OK_505_2024.pdf,OK-505,2024,pdf,45,3142,FALSE,FALSE,
OK_507_2022.pdf,OK-507,2022,pdf,97,3146,FALSE,FALSE,
OK_507_2024.pdf,OK-507,2024,pdf,98,3142,FALSE,FALSE,
OR_500_2022.pdf,OR-500,2022,pdf,304,3145,FALSE,FALSE,
OR_500_2023.pdf,OR-500,2023,pdf,192,3145,FALSE,FALSE,
OR_501_2022.pdf,OR-501,2022,pdf,276,3116,FALSE,FALSE,
OR_502_2024.pdf,OR-502,2024,pdf,120,3142,FALSE,FALSE,
OR_503_2024.pdf,OR-503,2024,pdf,65,3142,FALSE,FALSE,
OR_504_2022.pdf,OR-504,2022,pdf,168,3151,FALSE,FALSE,
OR_504_2024.pdf,OR-504,2024,pdf,154,3147,FALSE,FALSE,
OR_505_2022.pdf,OR-505,2022,pdf,80,3146,FALSE,FALSE,
OR_505_2023.pdf,OR-505,2023,pdf,60,3146,FALSE,FALSE,
OR_505_2024.pdf,OR-505,2024,pdf,216,3142,FALSE,FALSE,
OR_506_2023.pdf,OR-506,2023,pdf,155,3146,FALSE,FALSE,
OR_506_2024.pdf,OR-506,2024,pdf,164,3142,FALSE,FALSE,
OR_507_2022.pdf,OR-507,2022,pdf,168,3146,FALSE,FALSE,
OR_507_2023.pdf,OR-507,2023,pdf,225,3146,FALSE,FALSE,
OR_507_2024.pdf,OR-507,2024,pdf,189,3142,FALSE,FALSE,
PA_500_2024.pdf,PA-500,2024,pdf,181,3142,FALSE,FALSE,
PA_501_2024.pdf,PA-501,2024,pdf,115,0,TRUE,FALSE,
PA_502_2022.pdf,PA-502,2022,pdf,123,3146,FALSE,FALSE,
PA_502_2023.pdf,PA-502,2023,pdf,145,3146,FALSE,FALSE,
PA_502_2024.pdf,PA-502,2024,pdf,126,3142,FALSE,FALSE,
PA_504_2022.pdf,PA-504,2022,pdf,124,3146,FALSE,FALSE,
PA_504_2023.pdf,PA-504,2023,pdf,152,3146,FALSE,FALSE,
PA_504_2024.pdf,PA-504,2024,pdf,145,3142,FALSE,FALSE,
PA_505_2022.pdf,PA-505,2022,pdf,176,0,TRUE,FALSE,
PA_505_2023.pdf,PA-505,2023,pdf,161,3151,FALSE,FALSE,
PA_505_2024.pdf,PA-505,2024,pdf,145,3142,FALSE,FALSE,
PA_506_2022.pdf,PA-506,2022,pdf,146,3146,FALSE,FALSE,
PA_506_2023.pdf,PA-506,2023,pdf,164,3146,FALSE,FALSE,
PA_506_2024.pdf,PA-506,2024,pdf,179,3142,FALSE,FALSE,
PA_508_2023.pdf,PA-508,2023,pdf,183,3116,FALSE,FALSE,
PA_509_2022.pdf,PA-509,2022,pdf,85,3146,FALSE,FALSE,
PA_509_2023.pdf,PA-509,2023,pdf,349,3146,FALSE,FALSE,
PA_509_2024.pdf,PA-509,2024,pdf,284,3142,FALSE,FALSE,
PA_510_2023.pdf,PA-510,2023,pdf,49,3151,FALSE,FALSE,
PA_510_2024.pdf,PA-510,2024,pdf,73,3147,FALSE,FALSE,
PA_511_2022.pdf,PA-511,2022,pdf,92,3146,FALSE,FALSE,
PA_511_2024.pdf,PA-511,2024,pdf,142,3142,FALSE,FALSE,
PA_512_2024.pdf,PA-512,2024,pdf,209,3142,FALSE,FALSE,
PA_600_2023.pdf,PA-600,2023,pdf,162,3151,FALSE,FALSE,
PA_600_2024.pdf,PA-600,2024,pdf,115,3147,FALSE,FALSE,
PA_601_2022.pdf,PA-601,2022,pdf,82,3146,FALSE,FALSE,
PA_601_2023.pdf,PA-601,2023,pdf,362,3146,FALSE,FALSE,
PA_601_2024.pdf,PA-601,2024,pdf,306,3142,FALSE,FALSE,
PA_603_2024.pdf,PA-603,2024,pdf,157,3142,FALSE,FALSE,
PA_605_2023.pdf,PA-605,2023,pdf,234,3146,FALSE,FALSE,
PA_605_2024.pdf,PA-605,2024,pdf,183,3142,FALSE,FALSE,
PR_502_2022.pdf,PR-502,2022,pdf,160,3146,FALSE,FALSE,
PR_502_2023.pdf,PR-502,2023,pdf,22,2864,FALSE,FALSE,
PR_502_2024.pdf,PR-502,2024,pdf,308,3142,FALSE,FALSE,
PR_503_2024.pdf,PR-503,2024,pdf,328,3142,FALSE,FALSE,
RI_500_2022.pdf,RI-500,2022,pdf,102,3566,FALSE,FALSE,
RI_500_2023.pdf,RI-500,2023,pdf,170,3152,FALSE,FALSE,
RI_500_2024.pdf,RI-500,2024,pdf,174,3148,FALSE,FALSE,
SC_500_2022.pdf,SC-500,2022,pdf,63,3565,FALSE,FALSE,
SC_500_2023.pdf,SC-500,2023,pdf,129,3146,FALSE,FALSE,
SC_500_2024.pdf,SC-500,2024,pdf,120,3142,FALSE,FALSE,
SC_501_2022.pdf,SC-501,2022,pdf,216,3151,FALSE,FALSE,
SC_501_2023.pdf,SC-501,2023,pdf,124,3151,FALSE,FALSE,
SC_501_2024.pdf,SC-501,2024,pdf,147,3147,FALSE,FALSE,
SC_503_2023.pdf,SC-503,2023,pdf,123,3151,FALSE,FALSE,
SC_503_2024.pdf,SC-503,2024,pdf,56,3150,FALSE,FALSE,
SD_500_2024.pdf,SD-500,2024,pdf,145,3142,FALSE,FALSE,
TN_500_2024.pdf,TN-500,2024,pdf,116,3112,FALSE,FALSE,
TN_501_2024.pdf,TN-501,2024,pdf,196,3142,FALSE,FALSE,
TN_502_2022.pdf,TN-502,2022,pdf,197,3146,FALSE,FALSE,
TN_502_2023.pdf,TN-502,2023,pdf,151,3146,FALSE,FALSE,
TN_502_2024.pdf,TN-502,2024,pdf,97,3142,FALSE,FALSE,
TN_503_2024.pdf,TN-503,2024,pdf,93,3159,FALSE,FALSE,
TN_504_2024.pdf,TN-504,2024,pdf,115,3142,FALSE,FALSE,
TN_506_2024.pdf,TN-506,2024,pdf,83,3142,FALSE,FALSE,
TN_507_2022.pdf,TN-507,2022,pdf,150,3146,FALSE,FALSE,
TN_509_2024.pdf,TN-509,2024,pdf,125,3147,FALSE,FALSE,
TN_510_2022.pdf,TN-510,2022,pdf,18,2020,FALSE,FALSE,
TN_510_2023.pdf,TN-510,2023,pdf,115,3146,FALSE,FALSE,
TN_512_2023.pdf,TN-512,2023,pdf,113,3145,FALSE,FALSE,
TN_512_2024.pdf,TN-512,2024,pdf,142,3141,FALSE,FALSE,
TX_500_2023.pdf,TX-500,2023,pdf,241,3146,FALSE,FALSE,
TX_500_2024.pdf,TX-500,2024,pdf,251,3147,FALSE,FALSE,
TX_503_2023.pdf,TX-503,2023,pdf,264,3146,FALSE,FALSE,
TX_503_2024.pdf,TX-503,2024,pdf,269,3147,FALSE,FALSE,
TX_600_2022.pdf,TX-600,2022,pdf,211,3151,FALSE,FALSE,
TX_600_2023.pdf,TX-600,2023,pdf,433,3151,FALSE,FALSE,
TX_600_2024.pdf,TX-600,2024,pdf,72,1236,FALSE,FALSE,
TX_601_2022.pdf,TX-601,2022,pdf,125,3565,FALSE,FALSE,
TX_603_2022.pdf,TX-603,2022,pdf,146,3151,FALSE,FALSE,
TX_603_2023.pdf,TX-603,2023,pdf,83,3146,FALSE,FALSE,
TX_603_2024.pdf,TX-603,2024,pdf,64,3142,FALSE,FALSE,
TX_604_2022.pdf,TX-604,2022,pdf,130,3151,FALSE,FALSE,
TX_604_2023.pdf,TX-604,2023,pdf,182,3151,FALSE,FALSE,
TX_604_2024.pdf,TX-604,2024,pdf,146,3142,FALSE,FALSE,
TX_607_2022.pdf,TX-607,2022,pdf,280,3151,FALSE,FALSE,
TX_607_2023.pdf,TX-607,2023,pdf,264,3151,FALSE,FALSE,
TX_607_2024.pdf,TX-607,2024,pdf,339,3155,FALSE,FALSE,
TX_624_2024.pdf,TX-624,2024,pdf,106,0,TRUE,FALSE,
TX_700_2022.pdf,TX-700,2022,pdf,496,3146,FALSE,FALSE,
TX_700_2023.pdf,TX-700,2023,pdf,252,3146,FALSE,FALSE,
TX_700_2024.pdf,TX-700,2024,pdf,235,3142,FALSE,FALSE,
TX_701_2024.pdf,TX-701,2024,pdf,64,3149,FALSE,FALSE,
UT_500_2023.pdf,UT-500,2023,pdf,167,3145,FALSE,FALSE,
UT_500_2024.pdf,UT-500,2024,pdf,160,3141,FALSE,FALSE,
UT_504_2022.pdf,UT-504,2022,pdf,76,3146,FALSE,FALSE,
UT_504_2023.pdf,UT-504,2023,pdf,89,3146,FALSE,FALSE,
UT_504_2024.pdf,UT-504,2024,pdf,73,3142,FALSE,FALSE,
VA_500_2022.pdf,VA-500,2022,pdf,91,3151,FALSE,FALSE,
VA_500_2023.pdf,VA-500,2023,pdf,163,3151,FALSE,FALSE,
VA_501_2023.pdf,VA-501,2023,pdf,190,3151,FALSE,FALSE,
VA_503_2023.pdf,VA-503,2023,pdf,75,3151,FALSE,FALSE,
VA_503_2024.pdf,VA-503,2024,pdf,79,3147,FALSE,FALSE,
VA_504_2023.pdf,VA-504,2023,pdf,62,3146,FALSE,FALSE,
VA_505_2024.pdf,VA-505,2024,pdf,174,3142,FALSE,FALSE,
VA_508_2022.pdf,VA-508,2022,pdf,111,3146,FALSE,FALSE,
VA_508_2023.pdf,VA-508,2023,pdf,137,3146,FALSE,FALSE,
VA_508_2024.pdf,VA-508,2024,pdf,110,3142,FALSE,FALSE,
VA_513_2022.pdf,VA-513,2022,pdf,66,3151,FALSE,FALSE,
VA_514_2022.pdf,VA-514,2022,pdf,171,3154,FALSE,FALSE,
VA_514_2023.pdf,VA-514,2023,pdf,163,3154,FALSE,FALSE,
VA_514_2024.pdf,VA-514,2024,pdf,168,3150,FALSE,FALSE,
VA_521_2022.pdf,VA-521,2022,pdf,32,3564,FALSE,FALSE,
VA-521_2023.pdf,VA-521,2023,pdf,136,3145,FALSE,TRUE,
VA_521_2024.pdf,VA-521,2024,pdf,89,3141,FALSE,FALSE,
VA_600_2022.pdf,VA-600,2022,pdf,65,3565,FALSE,FALSE,
VA_600_2023.pdf,VA-600,2023,pdf,175,3146,FALSE,FALSE,
VA_600_2024.pdf,VA-600,2024,pdf,148,3142,FALSE,FALSE,
VA_601_2022.pdf,VA-601,2022,pdf,131,3146,FALSE,FALSE,
VA_601_2023.pdf,VA-601,2023,pdf,193,3146,FALSE,FALSE,
VA_601_2024.pdf,VA-601,2024,pdf,168,3142,FALSE,FALSE,
VA_603_2023.pdf,VA-603,2023,pdf,85,3189,FALSE,FALSE,
VA_603_2024.pdf,VA-603,2024,pdf,62,3185,FALSE,FALSE,
VA_604_2022.pdf,VA-604,2022,pdf,128,3146,FALSE,FALSE,
VA_604_2023.pdf,VA-604,2023,pdf,224,3146,FALSE,FALSE,
VA_604_2024.pdf,VA-604,2024,pdf,192,3142,FALSE,FALSE,
VI_500_2023.pdf,VI-500,2023,pdf,107,3152,FALSE,FALSE,
VI_500_2024.pdf,VI-500,2024,pdf,46,33,TRUE,FALSE,
VT_500_2023.pdf,VT-500,2023,pdf,161,3146,FALSE,FALSE,
VT_500_2024.pdf,VT-500,2024,pdf,193,3142,FALSE,FALSE,
VT_501_2023.pdf,VT-501,2023,pdf,131,3151,FALSE,FALSE,
VT_501_2024.pdf,VT-501,2024,pdf,70,3147,FALSE,FALSE,
WA_500_2022.pdf,WA-500,2022,pdf,441,3146,FALSE,FALSE,
WA_500_2023.pdf,WA-500,2023,pdf,762,3146,FALSE,FALSE,
WA_500_2024.pdf,WA-500,2024,pdf,548,3142,FALSE,FALSE,
WA_501_2024.pdf,WA-501,2024,pdf,124,3146,FALSE,FALSE,
WA_502_2022.pdf,WA-502,2022,pdf,88,3565,FALSE,FALSE,
WA_502_2023.pdf,WA-502,2023,pdf,69,3146,FALSE,FALSE,
WA_502_2024.pdf,WA-502,2024,pdf,181,77,TRUE,FALSE,
WA_503_2022.pdf,WA-503,2022,pdf,56,3116,FALSE,FALSE,
WA_503_2023.pdf,WA-503,2023,pdf,92,3116,FALSE,FALSE,
WA_503_2024.pdf,WA-503,2024,pdf,71,3112,FALSE,FALSE,
WA_504_2023.pdf,WA-504,2023,pdf,267,3146,FALSE,FALSE,
WA_504_2024.pdf,WA-504,2024,pdf,207,3159,FALSE,FALSE,
WA_508_2022.pdf,WA-508,2022,pdf,55,3150,FALSE,FALSE,
WA_508_2023.pdf,WA-508,2023,pdf,56,4190,FALSE,FALSE,
WA_508_2024.pdf,WA-508,2024,pdf,57,3146,FALSE,FALSE,
WI_500_2022.pdf,WI-500,2022,pdf,87,3151,FALSE,FALSE,
WI_500_2024.pdf,WI-500,2024,pdf,417,3147,FALSE,FALSE,
WI_501_2024.pdf,WI-501,2024,pdf,175,3142,FALSE,FALSE,
WI_502_2022.pdf,WI-502,2022,pdf,53,3151,FALSE,FALSE,
WI_503_2024.pdf,WI-503,2024,pdf,77,3142,FALSE,FALSE,
WV_500_2024.pdf,WV-500,2024,pdf,65,3141,FALSE,FALSE,
WV_501_2022.pdf,WV-501,2022,pdf,109,3151,FALSE,FALSE,
WV_501_2023.pdf,WV-501,2023,pdf,155,3151,FALSE,FALSE,
WV_501_2024.pdf,WV-501,2024,pdf,124,3147,FALSE,FALSE,
WV_503_2022.pdf,WV-503,2022,pdf,59,0,TRUE,FALSE,
WV_503_2023.pdf,WV-503,2023,pdf,75,3146,FALSE,FALSE,
WV_503_2024.pdf,WV-503,2024,pdf,106,3142,FALSE,FALSE,
WY_500_2022.pdf,WY-500,2022,pdf,56,3146,FALSE,FALSE,
WY_500_2023.pdf,WY-500,2023,pdf,90,3146,FALSE,FALSE,
WY-500_2024.pdf,WY-500,2024,pdf,92,3142,FALSE,TRUE,
